Subject,Start Date,All Day Event,Description
"âšª Santa Maria MÃ£e de Deus | Solenidade","2026-01-01","True","ğŸ”´ SANTO PRINCIPAL: Santa Maria, MÃ£e de Deus. ğŸ“– LITURGIA: Nm 6,22-27; Gl 4,4-7; Lc 2,16-21. ğŸ¨ COR: Branco"
"âšª S. BasÃ­lio e GregÃ³rio","2026-01-02","True","ğŸ”´ SANTO PRINCIPAL: S. BasÃ­lio Magno e GregÃ³rio Nazianzeno. ğŸ“– LITURGIA: 1Jo 2,22-28; Jo 1,19-28. ğŸ¨ COR: Branco"
"âšª SantÃ­ssimo Nome de Jesus | ğŸ Fim Novena Epifania","2026-01-03","True","ğŸ”´ SANTO PRINCIPAL: SantÃ­ssimo Nome de Jesus. ğŸ AÃ‡ÃƒO: Fim Novena Epifania. ğŸ“– LITURGIA: 1Jo 2,29-3,6; Jo 1,19-28. ğŸ¨ COR: Branco"
"âšª Epifania do Senhor | ğŸ“¢ Intro: M. Jesus Praga","2026-01-04","True","ğŸ”´ SANTO PRINCIPAL: Epifania do Senhor. ğŸ“¢ AÃ‡ÃƒO: Intro Novena M. Jesus Praga. ğŸ“– LITURGIA: Is 60,1-6; Ef 3,2-3a.5-6; Mt 2,1-12. ğŸ¨ COR: Branco"
"âšª SÃ£o JoÃ£o Neumann | â–¶ï¸ InÃ­cio: M. Jesus Praga","2026-01-05","True","ğŸ”´ SANTO PRINCIPAL: SÃ£o JoÃ£o Neumann. â–¶ï¸ AÃ‡ÃƒO: Dia 1 Novena M. Jesus Praga. ğŸ“– LITURGIA: 1Jo 3,22-4,6; Mt 4,12-17.23-25. ğŸ¨ COR: Branco"
"âšª Dia de Reis | ğŸ”„ Novena em curso","2026-01-06","True","ğŸ”´ SANTO PRINCIPAL: Dia de Reis. ğŸ”„ AÃ‡ÃƒO: Novena em curso. ğŸ“– LITURGIA: 1Jo 4,7-10; Mc 6,34-44. ğŸ¨ COR: Branco"
"âšª SÃ£o Raimundo de PeÃ±afort | ğŸ“¢ Intro: Sto AntÃ£o","2026-01-07","True","ğŸ”´ SANTO PRINCIPAL: SÃ£o Raimundo de PeÃ±afort. ğŸ“¢ AÃ‡ÃƒO: Intro Novena Sto AntÃ£o. ğŸ“– LITURGIA: 1Jo 4,11-18; Mc 6,45-52. ğŸ¨ COR: Branco"
"âšª SÃ£o Severino | â–¶ï¸ InÃ­cio: Sto AntÃ£o","2026-01-08","True","ğŸ”´ SANTO PRINCIPAL: SÃ£o Severino. â–¶ï¸ AÃ‡ÃƒO: Dia 1 Novena Sto AntÃ£o. ğŸ“– LITURGIA: 1Jo 4,19-5,4; Lc 4,14-22a. ğŸ¨ COR: Branco"
"âšª Santo AndrÃ© Corsini","2026-01-09","True","ğŸ”´ SANTO PRINCIPAL: Santo AndrÃ© Corsini. ğŸ“– LITURGIA: 1Jo 5,5-13; Lc 5,12-16. ğŸ¨ COR: Branco"
"âšª Frei GonÃ§alo de Amarante | ğŸ“¢ Intro: S. SebastiÃ£o","2026-01-10","True","ğŸ”´ SANTO PRINCIPAL: Frei GonÃ§alo de Amarante. ğŸ“¢ AÃ‡ÃƒO: Intro Novena S. SebastiÃ£o. ğŸ“– LITURGIA: 1Jo 5,14-21; Lc 5,12-16. ğŸ¨ COR: Branco"
"âšª Batismo do Senhor | â–¶ï¸ InÃ­cio: S. SebastiÃ£o","2026-01-11","True","ğŸ”´ SANTO PRINCIPAL: Batismo do Senhor. â–¶ï¸ AÃ‡ÃƒO: Dia 1 Novena S. SebastiÃ£o. ğŸ“– LITURGIA: Is 42,1-4.6-7; At 10,34-38; Mt 3,13-17. ğŸ¨ COR: Branco"
"ğŸŸ¢ Santo AntÃ´nio Maria Pucci | ğŸ“¢ Intro: Sta InÃªs","2026-01-12","True","ğŸ”´ SANTO PRINCIPAL: Santo AntÃ´nio Maria Pucci. ğŸ“¢ AÃ‡ÃƒO: Intro Novena Sta InÃªs. ğŸ“– LITURGIA: 1Sm 1,1-8; Mc 1,14-20. ğŸ¨ COR: Verde"
"ğŸŸ¢ Santo HilÃ¡rio de Poitiers | â–¶ï¸ InÃ­cio: InÃªs","2026-01-13","True","ğŸ”´ SANTO PRINCIPAL: Santo HilÃ¡rio de Poitiers. â–¶ï¸ AÃ‡ÃƒO: Dia 1 Novena Sta InÃªs. ğŸ“– LITURGIA: 1Sm 1,9-20; Mc 1,21b-28. ğŸ¨ COR: Verde"
"ğŸŸ¢ Menino Jesus de Praga | ğŸ“¢ Intro: Sales","2026-01-14","True","ğŸ”´ SANTO PRINCIPAL: Menino Jesus de Praga. ğŸ“¢ AÃ‡ÃƒO: Intro Novena S. Francisco Sales. ğŸ“– LITURGIA: 1Sm 3,1-10.19-20; Mc 1,29-39. ğŸ¨ COR: Verde"
"ğŸŸ¢ Santo Amaro | â–¶ï¸ InÃ­cio: Sales","2026-01-15","True","ğŸ”´ SANTO PRINCIPAL: Santo Amaro. â–¶ï¸ AÃ‡ÃƒO: Dia 1 Novena S. Francisco Sales. ğŸ“– LITURGIA: 1Sm 4,1-11; Mc 1,40-45. ğŸ¨ COR: Verde"
"ğŸŸ¢ SÃ£o Marcelo I | ğŸ Fim: Sto AntÃ£o","2026-01-16","True","ğŸ”´ SANTO PRINCIPAL: SÃ£o Marcelo I. ğŸ AÃ‡ÃƒO: Fim Novena Sto AntÃ£o. ğŸ“– LITURGIA: 1Sm 8,4-7.10-22a; Mc 2,1-12. ğŸ¨ COR: Verde"
"âšª Santo AntÃ£o (Abade) | â–¶ï¸ InÃ­cio: TimÃ³teo/Tito","2026-01-17","True","ğŸ”´ SANTO PRINCIPAL: Santo AntÃ£o. â–¶ï¸ AÃ‡ÃƒO: Dia 1 Novena TimÃ³teo/Tito. ğŸ“– LITURGIA: 1Sm 9,1-4...; Mc 2,1-12. ğŸ¨ COR: Branco"
"ğŸŸ¢ Santa Margarida da Hungria | ğŸ“¢ Intro: Sto TomÃ¡s","2026-01-18","True","ğŸ”´ SANTO PRINCIPAL: Santa Margarida da Hungria. ğŸ“¢ AÃ‡ÃƒO: Intro Novena Sto TomÃ¡s. ğŸ“– LITURGIA: Is 49,3.5-6; Jo 1,29-34. ğŸ¨ COR: Verde"
"ğŸŸ¢ SÃ£o Canuto | â–¶ï¸ InÃ­cio: Sto TomÃ¡s","2026-01-19","True","ğŸ”´ SANTO PRINCIPAL: SÃ£o Canuto. â–¶ï¸ AÃ‡ÃƒO: Dia 1 Novena Sto TomÃ¡s. ğŸ“– LITURGIA: 1Sm 15,16-23; Mc 2,18-22. ğŸ¨ COR: Verde"
"ğŸŸ¢ SÃ£o SebastiÃ£o | ğŸ Fim: Sta InÃªs","2026-01-20","True","ğŸ”´ SANTO PRINCIPAL: SÃ£o SebastiÃ£o. ğŸ AÃ‡ÃƒO: Fim Novena Sta InÃªs. ğŸ“– LITURGIA: 1Sm 16,1-13; Mc 2,23-28. ğŸ¨ COR: Verde"
"ğŸ”´ Santa InÃªs | ğŸ“¢ Intro: Dom Bosco","2026-01-21","True","ğŸ”´ SANTO PRINCIPAL: Santa InÃªs. ğŸ“¢ AÃ‡ÃƒO: Intro Novena Dom Bosco. ğŸ“– LITURGIA: 1Sm 17,32-33...; Mc 3,1-6. ğŸ¨ COR: Vermelho"
"ğŸŸ¢ SÃ£o Vicente Pallotti | â–¶ï¸ InÃ­cio: Dom Bosco","2026-01-22","True","ğŸ”´ SANTO PRINCIPAL: SÃ£o Vicente Pallotti. â–¶ï¸ AÃ‡ÃƒO: Dia 1 Novena Dom Bosco. ğŸ“– LITURGIA: 1Sm 18,6-9...; Mc 3,7-12. ğŸ¨ COR: Verde"
"ğŸŸ¢ Santo Ildefonso | ğŸ“¢ Intro: Candeias","2026-01-23","True","ğŸ”´ SANTO PRINCIPAL: Santo Ildefonso. ğŸ“¢ AÃ‡ÃƒO: Intro Novena Candeias. ğŸ“– LITURGIA: 1Sm 24,3-21; Mc 3,13-19. ğŸ¨ COR: Verde"
"âšª SÃ£o Francisco de Sales | â–¶ï¸ InÃ­cio: Candeias","2026-01-24","True","ğŸ”´ SANTO PRINCIPAL: SÃ£o Francisco de Sales. â–¶ï¸ AÃ‡ÃƒO: Dia 1 Novena Candeias. ğŸ“– LITURGIA: 2Sm 1,1-4...; Mc 3,20-21. ğŸ¨ COR: Branco"
"ğŸŸ¢ ConversÃ£o de SÃ£o Paulo | â–¶ï¸ InÃ­cio: BrÃ¡s","2026-01-25","True","ğŸ”´ SANTO PRINCIPAL: ConversÃ£o de SÃ£o Paulo. â–¶ï¸ AÃ‡ÃƒO: Dia 1 Novena BrÃ¡s. ğŸ“– LITURGIA: Is 8,23b-9,3; Mt 4,12-23. ğŸ¨ COR: Verde"
"ğŸŸ¢ Santos TimÃ³teo e Tito","2026-01-26","True","ğŸ”´ SANTO PRINCIPAL: Santos TimÃ³teo e Tito. ğŸ“– LITURGIA: Tt 1,1-5; Lc 10,1-9. ğŸ¨ COR: Verde"
"ğŸŸ¢ Santa Ã‚ngela MÃ©rici | ğŸ Fim: Sto TomÃ¡s","2026-01-27","True","ğŸ”´ SANTO PRINCIPAL: Santa Ã‚ngela MÃ©rici. ğŸ AÃ‡ÃƒO: Fim Novena Sto TomÃ¡s. ğŸ“– LITURGIA: 2Sm 6,12b-15...; Mc 3,31-35. ğŸ¨ COR: Verde"
"âšª Santo TomÃ¡s de Aquino","2026-01-28","True","ğŸ”´ SANTO PRINCIPAL: Santo TomÃ¡s de Aquino. ğŸ“– LITURGIA: 2Sm 7,4-17; Mc 4,1-20. ğŸ¨ COR: Branco"
"ğŸŸ¢ SÃ£o SulpÃ­cio Severo","2026-01-29","True","ğŸ”´ SANTO PRINCIPAL: SÃ£o SulpÃ­cio Severo. ğŸ“– LITURGIA: 2Sm 7,18-19...; Mc 4,21-25. ğŸ¨ COR: Verde"
"ğŸŸ¢ Santa Jacinta Mariscotti | ğŸ Fim: Dom Bosco","2026-01-30","True","ğŸ”´ SANTO PRINCIPAL: Santa Jacinta Mariscotti. ğŸ AÃ‡ÃƒO: Fim Novena Dom Bosco. ğŸ“– LITURGIA: 2Sm 11,1-4a...; Mc 4,26-34. ğŸ¨ COR: Verde"
"âšª SÃ£o JoÃ£o Bosco","2026-01-31","True","ğŸ”´ SANTO PRINCIPAL: SÃ£o JoÃ£o Bosco. ğŸ“– LITURGIA: 2Sm 12,1-7a...; Mc 4,35-41. ğŸ¨ COR: Branco"
"ğŸŸ¢ Santa BrÃ­gida da Irlanda | ğŸ“¢ Intro: Lourdes","2026-02-01","True","ğŸ”´ SANTO PRINCIPAL: Santa BrÃ­gida da Irlanda. ğŸ“¢ AÃ‡ÃƒO: Intro Novena Lourdes. ğŸ“– LITURGIA: Sf 2,3; Mt 5,1-12a. ğŸ¨ COR: Verde"
"âšª ApresentaÃ§Ã£o (Candeias) | â–¶ï¸ InÃ­cio: Lourdes","2026-02-02","True","ğŸ”´ SANTO PRINCIPAL: ApresentaÃ§Ã£o do Senhor. â–¶ï¸ AÃ‡ÃƒO: Dia 1 Novena Lourdes. ğŸ“– LITURGIA: Hb 2,14-18; Lc 2,22-32. ğŸ¨ COR: Branco"
"ğŸŸ¢ SÃ£o BrÃ¡s (Garganta)","2026-02-03","True","ğŸ”´ SANTO PRINCIPAL: SÃ£o BrÃ¡s. ğŸ“– LITURGIA: 2Sm 18,9-10...; Mc 5,21-43. ğŸ¨ COR: Verde"
"ğŸŸ¢ SÃ£o JoÃ£o de Brito","2026-02-04","True","ğŸ”´ SANTO PRINCIPAL: SÃ£o JoÃ£o de Brito. ğŸ“– LITURGIA: 2Sm 24,2.9-17; Mc 6,1-6. ğŸ¨ COR: Verde"
"ğŸ”´ Santa Ãgueda (Ãgata)","2026-02-05","True","ğŸ”´ SANTO PRINCIPAL: Santa Ãgueda. ğŸ“– LITURGIA: 1Rs 2,1-4.10-12; Mc 6,7-13. ğŸ¨ COR: Vermelho"
"ğŸ”´ SÃ£o Paulo Miki e Comp.","2026-02-06","True","ğŸ”´ SANTO PRINCIPAL: SÃ£o Paulo Miki e Comp. ğŸ“– LITURGIA: Eclo 47,2-13; Mc 6,14-29. ğŸ¨ COR: Vermelho"
"ğŸŸ¢ Beato Pio IX | ğŸ“¢ Intro: Sagrada Face","2026-02-07","True","ğŸ”´ SANTO PRINCIPAL: Beato Pio IX. ğŸ“¢ AÃ‡ÃƒO: Intro Novena Sagrada Face. ğŸ“– LITURGIA: 1Rs 3,4-13; Mc 6,30-34. ğŸ¨ COR: Verde"
"ğŸŸ¢ Santa Josefina Bakhita | â–¶ï¸ InÃ­cio: S. Face","2026-02-08","True","ğŸ”´ SANTO PRINCIPAL: Santa Josefina Bakhita. â–¶ï¸ AÃ‡ÃƒO: Dia 1 Novena S. Face. ğŸ“– LITURGIA: Is 58,7-10; Mt 5,13-16. ğŸ¨ COR: Verde"
"ğŸŸ¢ Santa ApolÃ´nia","2026-02-09","True","ğŸ”´ SANTO PRINCIPAL: Santa ApolÃ´nia. ğŸ“– LITURGIA: 1Rs 8,1-7.9-13; Mc 6,53-56. ğŸ¨ COR: Verde"
"âšª Santa EscolÃ¡stica | ğŸ Fim: Lourdes","2026-02-10","True","ğŸ”´ SANTO PRINCIPAL: Santa EscolÃ¡stica. ğŸ AÃ‡ÃƒO: Fim Novena Lourdes. ğŸ“– LITURGIA: 1Rs 8,22-23...; Mc 7,1-13. ğŸ¨ COR: Branco"
"ğŸŸ¢ N. Sra. de Lourdes","2026-02-11","True","ğŸ”´ SANTO PRINCIPAL: N. Sra. de Lourdes. ğŸ“– LITURGIA: 1Rs 10,1-10; Mc 7,1-13. ğŸ¨ COR: Verde"
"ğŸŸ¢ Santa EulÃ¡lia | ğŸ“¢ Intro: CÃ¡tedra Pedro","2026-02-12","True","ğŸ”´ SANTO PRINCIPAL: Santa EulÃ¡lia. ğŸ“¢ AÃ‡ÃƒO: Intro Novena CÃ¡tedra Pedro. ğŸ“– LITURGIA: 1Rs 11,4-13; Mc 7,24-30. ğŸ¨ COR: Verde"
"ğŸŸ¢ Santa Catarina Ricci | â–¶ï¸ InÃ­cio: CÃ¡tedra Pedro","2026-02-13","True","ğŸ”´ SANTO PRINCIPAL: Santa Catarina Ricci. â–¶ï¸ AÃ‡ÃƒO: Dia 1 Novena CÃ¡tedra Pedro. ğŸ“– LITURGIA: 1Rs 11,29-32...; Mc 7,31-37. ğŸ¨ COR: Verde"
"âšª Santos Cirilo e MetÃ³dio","2026-02-14","True","ğŸ”´ SANTO PRINCIPAL: Santos Cirilo e MetÃ³dio. ğŸ“– LITURGIA: 1Rs 12,26-32...; Mc 8,1-10. ğŸ¨ COR: Branco"
"ğŸŸ¢ Santos Faustino e Jovita","2026-02-15","True","ğŸ”´ SANTO PRINCIPAL: Santos Faustino e Jovita. ğŸ“– LITURGIA: Eclo 15,16-21; Mt 5,20-37. ğŸ¨ COR: Verde"
"ğŸŸ¢ Santa Juliana | ğŸ Fim: Sagrada Face","2026-02-16","True","ğŸ”´ SANTO PRINCIPAL: Santa Juliana. ğŸ AÃ‡ÃƒO: Fim Novena Sagrada Face. ğŸ“– LITURGIA: Tg 1,1-11; Mc 8,11-13. ğŸ¨ COR: Verde"
"ğŸŸ¢ Sagrada Face (TerÃ§a Carnaval)","2026-02-17","True","ğŸ”´ SANTO PRINCIPAL: Sagrada Face. ğŸ“– LITURGIA: Tg 1,12-18; Mc 8,14-21. ğŸ¨ COR: Verde"
"ğŸŸ£ QUARTA-FEIRA DE CINZAS","2026-02-18","True","ğŸ”´ SOLENIDADE: Quarta-feira de Cinzas. ğŸ“– LITURGIA: Jl 2,12-18; Mt 6,1-6.16-18. ğŸ¨ COR: Roxo"
"ğŸŸ£ SÃ£o Conrado","2026-02-19","True","ğŸ”´ SANTO PRINCIPAL: SÃ£o Conrado. ğŸ“– LITURGIA: Dt 30,15-20; Lc 9,22-25. ğŸ¨ COR: Roxo"
"ğŸŸ£ Santos Francisco e Jacinta","2026-02-20","True","ğŸ”´ SANTO PRINCIPAL: Santos Francisco e Jacinta. ğŸ“– LITURGIA: Is 58,1-9a; Mt 9,14-15. ğŸ¨ COR: Roxo"
"ğŸŸ£ SÃ£o Pedro DamiÃ£o | ğŸ Fim: CÃ¡tedra Pedro","2026-02-21","True","ğŸ”´ SANTO PRINCIPAL: SÃ£o Pedro DamiÃ£o. ğŸ AÃ‡ÃƒO: Fim Novena CÃ¡tedra Pedro. ğŸ“– LITURGIA: Is 58,9b-14; Lc 5,27-32. ğŸ¨ COR: Roxo"
"ğŸŸ£ CÃ¡tedra de SÃ£o Pedro","2026-02-22","True","ğŸ”´ SANTO PRINCIPAL: CÃ¡tedra de SÃ£o Pedro. ğŸ“– LITURGIA: Gn 2,7-9.3,1-7; Mt 4,1-11. ğŸ¨ COR: Roxo"
"ğŸŸ£ SÃ£o Policarpo","2026-02-23","True","ğŸ”´ SANTO PRINCIPAL: SÃ£o Policarpo. ğŸ“– LITURGIA: Lv 19,1-2.11-18; Mt 25,31-46. ğŸ¨ COR: Roxo"
"ğŸŸ£ SÃ£o SÃ©rgio","2026-02-24","True","ğŸ”´ SANTO PRINCIPAL: SÃ£o SÃ©rgio. ğŸ“– LITURGIA: Is 55,10-11; Mt 6,7-15. ğŸ¨ COR: Roxo"
"ğŸŸ£ SÃ£o CesÃ¡rio de Nazianzo","2026-02-25","True","ğŸ”´ SANTO PRINCIPAL: SÃ£o CesÃ¡rio de Nazianzo. ğŸ“– LITURGIA: Jn 3,1-10; Mt 6,7-15. ğŸ¨ COR: Roxo"
"ğŸŸ£ Santo Alexandre","2026-02-26","True","ğŸ”´ SANTO PRINCIPAL: Santo Alexandre. ğŸ“– LITURGIA: Est 4,17...; Mt 7,7-12. ğŸ¨ COR: Roxo"
"ğŸŸ£ SÃ£o Gabriel das Dores","2026-02-27","True","ğŸ”´ SANTO PRINCIPAL: SÃ£o Gabriel das Dores. ğŸ“– LITURGIA: Ez 18,21-28; Mt 5,20-26. ğŸ¨ COR: Roxo"
"ğŸŸ£ SÃ£o RomÃ£o","2026-02-28","True","ğŸ”´ SANTO PRINCIPAL: SÃ£o RomÃ£o. ğŸ“– LITURGIA: Dt 26,16-19; Mt 5,43-48. ğŸ¨ COR: Roxo"
"ğŸŸ£ SÃ£o David | 2Âº Domingo Quaresma","2026-03-01","True","ğŸ”´ SANTO PRINCIPAL: SÃ£o David (PaÃ­s de Gales). ğŸ“– LITURGIA: Gn 12,1-4a; 2Tm 1,8b-10; Mt 17,1-9. ğŸ¨ COR: Roxo"
"ğŸŸ£ Santa InÃªs de Praga","2026-03-02","True","ğŸ”´ SANTO PRINCIPAL: Santa InÃªs de Praga. ğŸ“– LITURGIA: Dn 9,4b-10; Lc 6,36-38. ğŸ¨ COR: Roxo"
"ğŸŸ£ Santa Cunegunda","2026-03-03","True","ğŸ”´ SANTO PRINCIPAL: Santa Cunegunda. ğŸ“– LITURGIA: Is 1,10.16-20; Mt 23,1-12. ğŸ¨ COR: Roxo"
"ğŸŸ£ SÃ£o Casimiro","2026-03-04","True","ğŸ”´ SANTO PRINCIPAL: SÃ£o Casimiro. ğŸ“– LITURGIA: Jr 18,18-20; Mt 20,17-28. ğŸ¨ COR: Roxo"
"ğŸŸ£ SÃ£o JoÃ£o JosÃ© da Cruz","2026-03-05","True","ğŸ”´ SANTO PRINCIPAL: SÃ£o JoÃ£o JosÃ© da Cruz. ğŸ“– LITURGIA: Jr 17,5-10; Lc 16,19-31. ğŸ¨ COR: Roxo"
"ğŸŸ£ Santa Rosa de Viterbo","2026-03-06","True","ğŸ”´ SANTO PRINCIPAL: Santa Rosa de Viterbo. ğŸ“– LITURGIA: Gn 37,3-4...; Mt 21,33-43.45-46. ğŸ¨ COR: Roxo"
"ğŸŸ£ Santas PerpÃ©tua e Felicidade | ğŸ“¢ Intro: PatrÃ­cio","2026-03-07","True","ğŸ”´ SANTO PRINCIPAL: Santas PerpÃ©tua e Felicidade. ğŸ“¢ AÃ‡ÃƒO: Intro Novena SÃ£o PatrÃ­cio. ğŸ“– LITURGIA: Mq 7,14-15.18-20; Lc 15,1-3.11-32. ğŸ¨ COR: Roxo"
"ğŸŸ£ SÃ£o JoÃ£o de Deus | 3Âº Domingo Quaresma | â–¶ï¸ InÃ­cio: PatrÃ­cio","2026-03-08","True","ğŸ”´ SANTO PRINCIPAL: SÃ£o JoÃ£o de Deus. â–¶ï¸ AÃ‡ÃƒO: Dia 1 Novena S. PatrÃ­cio. ğŸ“– LITURGIA: Ex 17,3-7; Rm 5,1-2.5-8; Jo 4,5-42. ğŸ¨ COR: Roxo"
"ğŸŸ£ Santa Francisca Romana | ğŸ“¢ Intro: SÃ£o JosÃ©","2026-03-09","True","ğŸ”´ SANTO PRINCIPAL: Santa Francisca Romana. ğŸ“¢ AÃ‡ÃƒO: Intro Novena SÃ£o JosÃ©. ğŸ“– LITURGIA: 2Rs 5,1-15a; Lc 4,24-30. ğŸ¨ COR: Roxo"
"ğŸŸ£ 40 MÃ¡rtires de Sebaste | â–¶ï¸ InÃ­cio: SÃ£o JosÃ©","2026-03-10","True","ğŸ”´ SANTO PRINCIPAL: 40 MÃ¡rtires de Sebaste. â–¶ï¸ AÃ‡ÃƒO: Dia 1 Novena SÃ£o JosÃ©. ğŸ“– LITURGIA: Dn 3,25.34-43; Mt 18,21-35. ğŸ¨ COR: Roxo"
"ğŸŸ£ SÃ£o Constantino","2026-03-11","True","ğŸ”´ SANTO PRINCIPAL: SÃ£o Constantino. ğŸ”„ AÃ‡ÃƒO: Novena SÃ£o JosÃ© em curso. ğŸ“– LITURGIA: Dt 4,1.5-9; Mt 5,17-19. ğŸ¨ COR: Roxo"
"ğŸŸ£ SÃ£o LuÃ­s Orione","2026-03-12","True","ğŸ”´ SANTO PRINCIPAL: SÃ£o LuÃ­s Orione. ğŸ”„ AÃ‡ÃƒO: Novena SÃ£o JosÃ© em curso. ğŸ“– LITURGIA: Jr 7,23-28; Lc 11,14-23. ğŸ¨ COR: Roxo"
"ğŸŸ£ Santa Dulce (CanonizaÃ§Ã£o)","2026-03-13","True","ğŸ”´ SANTO PRINCIPAL: Santa Dulce dos Pobres. ğŸ”„ AÃ‡ÃƒO: Novena SÃ£o JosÃ© em curso. ğŸ“– LITURGIA: Os 14,2-10; Mc 12,28b-34. ğŸ¨ COR: Roxo"
"ğŸŸ£ Santa Matilde","2026-03-14","True","ğŸ”´ SANTO PRINCIPAL: Santa Matilde. ğŸ”„ AÃ‡ÃƒO: Novena SÃ£o JosÃ© em curso. ğŸ“– LITURGIA: Os 6,1-6; Lc 18,9-14. ğŸ¨ COR: Roxo"
"ğŸŒ¸ SÃ£o Longuinho | 4Âº Domingo Quaresma (Laetare)","2026-03-15","True","ğŸ”´ SANTO PRINCIPAL: SÃ£o Longuinho. ğŸ“¢ AÃ‡ÃƒO: Intro Novena AnunciaÃ§Ã£o. ğŸ“– LITURGIA: 1Sm 16,1b...; Ef 5,8-14; Jo 9,1-41. ğŸ¨ COR: Rosa"
"ğŸŸ£ Santo Heriberto | â–¶ï¸ InÃ­cio: AnunciaÃ§Ã£o","2026-03-16","True","ğŸ”´ SANTO PRINCIPAL: Santo Heriberto. â–¶ï¸ AÃ‡ÃƒO: Dia 1 Novena AnunciaÃ§Ã£o. ğŸ AÃ‡ÃƒO: Fim Novena S. PatrÃ­cio. ğŸ“– LITURGIA: Is 65,17-21; Jo 4,43-54. ğŸ¨ COR: Roxo"
"ğŸŸ£ SÃ£o PatrÃ­cio","2026-03-17","True","ğŸ”´ SANTO PRINCIPAL: SÃ£o PatrÃ­cio (St. Patrick). ğŸ“– LITURGIA: Ez 47,1-9.12; Jo 5,1-16. ğŸ¨ COR: Roxo"
"ğŸŸ£ SÃ£o Cirilo de JerusalÃ©m | ğŸ Fim: JosÃ©","2026-03-18","True","ğŸ”´ SANTO PRINCIPAL: SÃ£o Cirilo de JerusalÃ©m. ğŸ AÃ‡ÃƒO: Fim Novena SÃ£o JosÃ©. ğŸ“– LITURGIA: Is 49,8-15; Jo 5,17-30. ğŸ¨ COR: Roxo"
"âšª SÃƒO JOSÃ‰ (Esposo de Maria)","2026-03-19","True","ğŸ”´ SANTO PRINCIPAL: SÃƒO JOSÃ‰. ğŸ“– LITURGIA: 2Sm 7,4-5a...; Rm 4,13...; Lc 2,41-51. ğŸ¨ COR: Branco"
"ğŸŸ£ SÃ£o Martinho de Braga","2026-03-20","True","ğŸ”´ SANTO PRINCIPAL: SÃ£o Martinho de Braga. ğŸ“– LITURGIA: Sb 2,1a.12-22; Jo 7,1-2.10.25-30. ğŸ¨ COR: Roxo"
"ğŸŸ£ SÃ£o Nicolau de FlÃ¼e","2026-03-21","True","ğŸ”´ SANTO PRINCIPAL: SÃ£o Nicolau de FlÃ¼e. ğŸ“– LITURGIA: Jr 11,18-20; Jo 7,40-53. ğŸ¨ COR: Roxo"
"ğŸŸ£ Santa LÃ©ia | 5Âº Domingo Quaresma","2026-03-22","True","ğŸ”´ SANTO PRINCIPAL: Santa LÃ©ia. ğŸ“– LITURGIA: Ez 37,12-14; Rm 8,8-11; Jo 11,3-45. ğŸ¨ COR: Roxo"
"ğŸŸ£ SÃ£o TorÃ­bio de Mongrovejo","2026-03-23","True","ğŸ”´ SANTO PRINCIPAL: SÃ£o TorÃ­bio de Mongrovejo. ğŸ“– LITURGIA: Dn 13,41c-62; Jo 8,1-11. ğŸ¨ COR: Roxo"
"ğŸŸ£ Santo Oscar Romero | ğŸ Fim: AnunciaÃ§Ã£o","2026-03-24","True","ğŸ”´ SANTO PRINCIPAL: Santo Oscar Romero. ğŸ AÃ‡ÃƒO: Fim Novena AnunciaÃ§Ã£o. ğŸ“– LITURGIA: Nm 21,4-9; Jo 8,21-30. ğŸ¨ COR: Roxo"
"âšª AnunciaÃ§Ã£o do Senhor","2026-03-25","True","ğŸ”´ SANTO PRINCIPAL: AnunciaÃ§Ã£o do Senhor. ğŸ“– LITURGIA: Is 7,10-14...; Hb 10,4-10; Lc 1,26-38. ğŸ¨ COR: Branco"
"ğŸŸ£ SÃ£o BrÃ¡ulio","2026-03-26","True","ğŸ”´ SANTO PRINCIPAL: SÃ£o BrÃ¡ulio. ğŸ“– LITURGIA: Gn 17,3-9; Jo 8,51-59. ğŸ¨ COR: Roxo"
"ğŸŸ£ SÃ£o Ruperto","2026-03-27","True","ğŸ”´ SANTO PRINCIPAL: SÃ£o Ruperto de Salzburgo. ğŸ“– LITURGIA: Jr 20,10-13; Jo 10,31-42. ğŸ¨ COR: Roxo"
"ğŸŸ£ SÃ£o GontrÃ£o","2026-03-28","True","ğŸ”´ SANTO PRINCIPAL: SÃ£o GontrÃ£o. ğŸ“– LITURGIA: Ez 37,21-28; Jo 11,45-56. ğŸ¨ COR: Roxo"
"ğŸ”´ Domingo de Ramos","2026-03-29","True","ğŸ”´ SOLENIDADE: Domingo de Ramos e da PaixÃ£o. ğŸ“– LITURGIA: Is 50,4-7; Fl 2,6-11; PaixÃ£o do Senhor. ğŸ¨ COR: Vermelho"
"ğŸŸ£ SÃ£o JoÃ£o ClÃ­maco | Semana Santa","2026-03-30","True","ğŸ”´ SANTO PRINCIPAL: SÃ£o JoÃ£o ClÃ­maco. ğŸ“– LITURGIA: Is 42,1-7; Jo 12,1-11. ğŸ¨ COR: Roxo"
"ğŸŸ£ SÃ£o Benjamim | Semana Santa","2026-03-31","True","ğŸ”´ SANTO PRINCIPAL: SÃ£o Benjamim. ğŸ“– LITURGIA: Is 49,1-6; Jo 13,21-33.36-38. ğŸ¨ COR: Roxo"
"ğŸŸ£ SÃ£o Hugo de Grenoble","2026-04-01","True","ğŸ”´ SANTO PRINCIPAL: SÃ£o Hugo de Grenoble. ğŸ“– LITURGIA: Is 50,4-9a; Mt 26,14-25. ğŸ¨ COR: Roxo"
"âšª SÃ£o Francisco de Paula | ğŸ“¢ Intro: MisericÃ³rdia","2026-04-02","True","ğŸ”´ SANTO PRINCIPAL: SÃ£o Francisco de Paula. ğŸ“¢ AÃ‡ÃƒO: Intro Novena MisericÃ³rdia. ğŸ“– LITURGIA: ÃŠx 12,1-8...; 1Cor 11,23-26; Jo 13,1-15. ğŸ¨ COR: Branco"
"ğŸ”´ Sexta-Feira Santa | â–¶ï¸ InÃ­cio: MisericÃ³rdia","2026-04-03","True","ğŸ”´ SOLENIDADE: PaixÃ£o do Senhor. â–¶ï¸ AÃ‡ÃƒO: Dia 1 Novena MisericÃ³rdia. ğŸ“– LITURGIA: Is 52,13...; Hb 4,14...; PaixÃ£o. ğŸ¨ COR: Vermelho"
"âšª Santo Isidoro de Sevilha","2026-04-04","True","ğŸ”´ SANTO PRINCIPAL: Santo Isidoro de Sevilha. ğŸ”„ AÃ‡ÃƒO: Novena MisericÃ³rdia em curso. ğŸ“– LITURGIA: Gn 1,1...; Rm 6,3-11; Mt 28,1-10. ğŸ¨ COR: Branco"
"âšª ğŸ‰ PÃSCOA DA RESSURREIÃ‡ÃƒO","2026-04-05","True","ğŸ”´ SOLENIDADE: PÃSCOA DO SENHOR. ğŸ”„ AÃ‡ÃƒO: Novena MisericÃ³rdia em curso. ğŸ“– LITURGIA: At 10,34a...; Co 5,6b-8; Jo 20,1-9. ğŸ¨ COR: Branco"
"âšª SÃ£o Marcelino","2026-04-06","True","ğŸ”´ SANTO PRINCIPAL: SÃ£o Marcelino. ğŸ”„ AÃ‡ÃƒO: Novena MisericÃ³rdia em curso. ğŸ“– LITURGIA: At 2,14.22-32; Mt 28,8-15. ğŸ¨ COR: Branco"
"âšª SÃ£o JoÃ£o Batista de La Salle","2026-04-07","True","ğŸ”´ SANTO PRINCIPAL: SÃ£o JoÃ£o Batista de La Salle. ğŸ”„ AÃ‡ÃƒO: Novena MisericÃ³rdia em curso. ğŸ“– LITURGIA: At 2,36-41; Jo 20,11-18. ğŸ¨ COR: Branco"
"âšª Santo Alberto","2026-04-08","True","ğŸ”´ SANTO PRINCIPAL: Santo Alberto de JerusalÃ©m. ğŸ”„ AÃ‡ÃƒO: Novena MisericÃ³rdia em curso. ğŸ“– LITURGIA: At 3,1-10; Lc 24,13-35. ğŸ¨ COR: Branco"
"âšª Santa Maria de ClÃ©ofas | ğŸ“¢ Intro: Sto Expedito","2026-04-09","True","ğŸ”´ SANTO PRINCIPAL: Santa Maria de ClÃ©ofas. ğŸ“¢ AÃ‡ÃƒO: Intro Novena Sto Expedito. ğŸ“– LITURGIA: At 3,11-26; Lc 24,35-48. ğŸ¨ COR: Branco"
"âšª SÃ£o Fulberto | â–¶ï¸ InÃ­cio: Sto Expedito","2026-04-10","True","ğŸ”´ SANTO PRINCIPAL: SÃ£o Fulberto. â–¶ï¸ AÃ‡ÃƒO: Dia 1 Novena Sto Expedito. ğŸ“– LITURGIA: At 4,1-12; Jo 21,1-14. ğŸ¨ COR: Branco"
"âšª Santo Estanislau | ğŸ Fim: MisericÃ³rdia","2026-04-11","True","ğŸ”´ SANTO PRINCIPAL: Santo Estanislau. ğŸ AÃ‡ÃƒO: Fim Novena MisericÃ³rdia. ğŸ“– LITURGIA: At 4,13-21; Mc 16,9-15. ğŸ¨ COR: Branco"
"âšª ğŸ‰ Divina MisericÃ³rdia","2026-04-12","True","ğŸ”´ FESTA: Domingo da Divina MisericÃ³rdia. ğŸ”„ AÃ‡ÃƒO: Novena Expedito em curso. ğŸ“– LITURGIA: At 2,42-47; 1Pd 1,3-9; Jo 20,19-31. ğŸ¨ COR: Branco"
"âšª SÃ£o Martinho I | ğŸ“¢ Intro: SÃ£o Jorge","2026-04-13","True","ğŸ”´ SANTO PRINCIPAL: SÃ£o Martinho I. ğŸ“¢ AÃ‡ÃƒO: Intro Novena SÃ£o Jorge. ğŸ“– LITURGIA: At 4,23-31; Jo 3,1-8. ğŸ¨ COR: Branco"
"âšª Santa Lidvina | â–¶ï¸ InÃ­cio: SÃ£o Jorge","2026-04-14","True","ğŸ”´ SANTO PRINCIPAL: Santa Lidvina. â–¶ï¸ AÃ‡ÃƒO: Dia 1 Novena SÃ£o Jorge. ğŸ“– LITURGIA: At 4,32-37; Jo 3,7b-15. ğŸ¨ COR: Branco"
"âšª SÃ£o DamiÃ£o de Molokai | ğŸ“¢ Intro: S. Marcos","2026-04-15","True","ğŸ”´ SANTO PRINCIPAL: SÃ£o DamiÃ£o de Molokai. ğŸ“¢ AÃ‡ÃƒO: Intro Novena SÃ£o Marcos. ğŸ“– LITURGIA: At 5,17-26; Jo 3,16-21. ğŸ¨ COR: Branco"
"âšª Santa Bernadette | â–¶ï¸ InÃ­cio: S. Marcos","2026-04-16","True","ğŸ”´ SANTO PRINCIPAL: Santa Bernadette Soubirous. â–¶ï¸ AÃ‡ÃƒO: Dia 1 Novena SÃ£o Marcos. ğŸ“– LITURGIA: At 5,27-33; Jo 3,31-36. ğŸ¨ COR: Branco"
"âšª Santa Catarina Tekakwitha","2026-04-17","True","ğŸ”´ SANTO PRINCIPAL: Santa Catarina Tekakwitha. ğŸ”„ AÃ‡ÃƒO: Novenas em curso. ğŸ“– LITURGIA: At 5,34-42; Jo 6,1-15. ğŸ¨ COR: Branco"
"âšª Beata Maria da EncarnaÃ§Ã£o | ğŸ Fim: Sto Expedito","2026-04-18","True","ğŸ”´ SANTO PRINCIPAL: Beata Maria da EncarnaÃ§Ã£o. ğŸ AÃ‡ÃƒO: Fim Novena Sto Expedito. ğŸ“¢ AÃ‡ÃƒO: Intro Novena Gianna Beretta. ğŸ“– LITURGIA: At 6,1-7; Jo 6,16-21. ğŸ¨ COR: Branco"
"âšª ğŸ‰ Santo Expedito | â–¶ï¸ InÃ­cio: Gianna","2026-04-19","True","ğŸ”´ SANTO PRINCIPAL: Santo Expedito. â–¶ï¸ AÃ‡ÃƒO: Dia 1 Novena Gianna Beretta. ğŸ“¢ AÃ‡ÃƒO: Intro Novena Catarina Sena. ğŸ“– LITURGIA: At 2,14...; 1Pd 1,17-21; Lc 24,13-35. ğŸ¨ COR: Branco"
"âšª Santa InÃªs de Montepulciano | â–¶ï¸ InÃ­cio: Catarina Sena","2026-04-20","True","ğŸ”´ SANTO PRINCIPAL: Santa InÃªs de Montepulciano. â–¶ï¸ AÃ‡ÃƒO: Dia 1 Novena Catarina Sena. ğŸ“– LITURGIA: At 6,8-15; Jo 6,22-29. ğŸ¨ COR: Branco"
"âšª Santo Anselmo | ğŸ“¢ Intro: S. JosÃ© OperÃ¡rio","2026-04-21","True","ğŸ”´ SANTO PRINCIPAL: Santo Anselmo. ğŸ“¢ AÃ‡ÃƒO: Intro Novena S. JosÃ© OperÃ¡rio. ğŸ“– LITURGIA: At 7,51-8,1a; Jo 6,30-35. ğŸ¨ COR: Branco"
"âšª Santa Maria Egipciaca | ğŸ Fim: S. Jorge","2026-04-22","True","ğŸ”´ SANTO PRINCIPAL: Santa Maria Egipciaca. ğŸ AÃ‡ÃƒO: Fim Novena S. Jorge. â–¶ï¸ AÃ‡ÃƒO: InÃ­cio Novena S. JosÃ© OperÃ¡rio. ğŸ“– LITURGIA: At 8,1b-8; Jo 6,35-40. ğŸ¨ COR: Branco"
"âšª ğŸ‰ SÃƒO JORGE","2026-04-23","True","ğŸ”´ SANTO PRINCIPAL: SÃƒO JORGE. ğŸ”„ AÃ‡ÃƒO: Novenas em curso. ğŸ“– LITURGIA: At 8,26-40; Jo 6,44-51. ğŸ¨ COR: Branco"
"âšª SÃ£o FidÃ©lis de Sigmaringa | ğŸ Fim: S. Marcos","2026-04-24","True","ğŸ”´ SANTO PRINCIPAL: SÃ£o FidÃ©lis de Sigmaringa. ğŸ AÃ‡ÃƒO: Fim Novena S. Marcos. ğŸ“– LITURGIA: At 9,1-20; Jo 6,52-59. ğŸ¨ COR: Branco"
"ğŸ”´ ğŸ‰ SÃ£o Marcos (Evangelista)","2026-04-25","True","ğŸ”´ SANTO PRINCIPAL: SÃ£o Marcos. ğŸ”„ AÃ‡ÃƒO: Novenas em curso. ğŸ“– LITURGIA: 1Pd 5,5b-14; Mc 16,15-20. ğŸ¨ COR: Vermelho"
"âšª N. Sra. do Bom Conselho","2026-04-26","True","ğŸ”´ SANTO PRINCIPAL: N. Sra. do Bom Conselho. ğŸ”„ AÃ‡ÃƒO: Novenas em curso. ğŸ“– LITURGIA: At 2,14a...; 1Pd 2,20b-25; Jo 10,1-10. ğŸ¨ COR: Branco"
"âšª Santa Zita | ğŸ Fim: Gianna Beretta","2026-04-27","True","ğŸ”´ SANTO PRINCIPAL: Santa Zita. ğŸ AÃ‡ÃƒO: Fim Novena Gianna Beretta. ğŸ“– LITURGIA: At 11,1-18; Jo 10,11-18. ğŸ¨ COR: Branco"
"âšª ğŸ‰ Santa Gianna Beretta | ğŸ Fim: Catarina Sena","2026-04-28","True","ğŸ”´ SANTO PRINCIPAL: Santa Gianna Beretta. ğŸ AÃ‡ÃƒO: Fim Novena Catarina Sena. ğŸ“– LITURGIA: At 11,19-26; Jo 10,22-30. ğŸ¨ COR: Branco"
"âšª ğŸ‰ Santa Catarina de Sena","2026-04-29","True","ğŸ”´ SANTO PRINCIPAL: Santa Catarina de Siena. ğŸ”„ AÃ‡ÃƒO: Novena S. JosÃ© OperÃ¡rio em curso. ğŸ“– LITURGIA: At 12,24-13,5a; Jo 12,44-50. ğŸ¨ COR: Branco"
"âšª SÃ£o Pio V | ğŸ Fim: S. JosÃ© OperÃ¡rio","2026-04-30","True","ğŸ”´ SANTO PRINCIPAL: SÃ£o Pio V. ğŸ AÃ‡ÃƒO: Fim Novena S. JosÃ© OperÃ¡rio. ğŸ“– LITURGIA: At 13,13-25; Jo 13,16-20. ğŸ¨ COR: Branco"
"âšª ğŸ‰ SÃ£o JosÃ© OperÃ¡rio","2026-05-01","True","ğŸ”´ SANTO PRINCIPAL: SÃ£o JosÃ© OperÃ¡rio. ğŸ“– LITURGIA: At 13,26-33; Jo 14,1-6. ğŸ¨ COR: Branco"
"âšª Santo AtanÃ¡sio","2026-05-02","True","ğŸ”´ SANTO PRINCIPAL: Santo AtanÃ¡sio. ğŸ“– LITURGIA: At 13,44-52; Jo 14,7-14. ğŸ¨ COR: Branco"
"âšª Santos Filipe e Tiago | ğŸ“¢ Intro: FÃ¡tima","2026-05-03","True","ğŸ”´ SANTO PRINCIPAL: Santos Filipe e Tiago. ğŸ“¢ AÃ‡ÃƒO: Intro Novena FÃ¡tima. ğŸ“– LITURGIA: At 6,1-7; 1Pd 2,4-97; Jo 14,1-12. ğŸ¨ COR: Branco"
"âšª SÃ£o Peregrino | â–¶ï¸ InÃ­cio: FÃ¡tima","2026-05-04","True","ğŸ”´ SANTO PRINCIPAL: SÃ£o Peregrino. â–¶ï¸ AÃ‡ÃƒO: Dia 1 Novena FÃ¡tima. ğŸ“¢ AÃ‡ÃƒO: Intro Novena Matias. ğŸ“– LITURGIA: At 14,5-18; Jo 14,21-26. ğŸ¨ COR: Branco"
"âšª Santo Ã‚ngelo | â–¶ï¸ InÃ­cio: Matias","2026-05-05","True","ğŸ”´ SANTO PRINCIPAL: Santo Ã‚ngelo. â–¶ï¸ AÃ‡ÃƒO: Dia 1 Novena Matias. ğŸ“– LITURGIA: At 14,19-28; Jo 14,27-31a. ğŸ¨ COR: Branco"
"âšª SÃ£o Domingos SÃ¡vio","2026-05-06","True","ğŸ”´ SANTO PRINCIPAL: SÃ£o Domingos SÃ¡vio. ğŸ”„ AÃ‡ÃƒO: Novenas em curso. ğŸ“– LITURGIA: At 15,1-6; Jo 15,1-8. ğŸ¨ COR: Branco"
"âšª Santa FlÃ¡via Domitila","2026-05-07","True","ğŸ”´ SANTO PRINCIPAL: Santa FlÃ¡via Domitila. ğŸ”„ AÃ‡ÃƒO: Novenas em curso. ğŸ“– LITURGIA: At 15,7-21; Jo 15,9-11. ğŸ¨ COR: Branco"
"âšª N. Sra. de LujÃ¡n","2026-05-08","True","ğŸ”´ SANTO PRINCIPAL: N. Sra. de LujÃ¡n. ğŸ”„ AÃ‡ÃƒO: Novenas em curso. ğŸ“– LITURGIA: At 15,22-31; Jo 15,12-17. ğŸ¨ COR: Branco"
"âšª Santa LuÃ­sa de Marillac","2026-05-09","True","ğŸ”´ SANTO PRINCIPAL: Santa LuÃ­sa de Marillac. ğŸ”„ AÃ‡ÃƒO: Novenas em curso. ğŸ“– LITURGIA: At 16,1-10; Jo 15,18-21. ğŸ¨ COR: Branco"
"âšª Santo Antonino","2026-05-10","True","ğŸ”´ SANTO PRINCIPAL: Santo Antonino. ğŸ”„ AÃ‡ÃƒO: Novenas em curso. ğŸ“– LITURGIA: At 8,5-8...; 1Pd 3,15-18; Jo 14,15-21. ğŸ¨ COR: Branco"
"âšª Santo InÃ¡cio de Laconi","2026-05-11","True","ğŸ”´ SANTO PRINCIPAL: Santo InÃ¡cio de Laconi. ğŸ”„ AÃ‡ÃƒO: Novenas em curso. ğŸ“– LITURGIA: At 16,11-15; Jo 15,26-16,4a. ğŸ¨ COR: Branco"
"âšª Santos Nereu e Aquileu | ğŸ Fim: FÃ¡tima","2026-05-12","True","ğŸ”´ SANTO PRINCIPAL: Santos Nereu e Aquileu. ğŸ AÃ‡ÃƒO: Fim Novena FÃ¡tima. ğŸ“¢ AÃ‡ÃƒO: Intro Novena Rita. ğŸ“– LITURGIA: At 16,22-34; Jo 16,5-11. ğŸ¨ COR: Branco"
"âšª ğŸ‰ N. Sra. de FÃ¡tima | â–¶ï¸ InÃ­cio: Rita","2026-05-13","True","ğŸ”´ SANTO PRINCIPAL: N. Sra. de FÃ¡tima. â–¶ï¸ AÃ‡ÃƒO: Dia 1 Novena Rita. ğŸ AÃ‡ÃƒO: Fim Novena Matias. ğŸ“– LITURGIA: At 17,15...; Jo 16,12-15. ğŸ¨ COR: Branco"
"ğŸ”´ ğŸ‰ SÃ£o Matias (ApÃ³stolo)","2026-05-14","True","ğŸ”´ SANTO PRINCIPAL: SÃ£o Matias. ğŸ“¢ AÃ‡ÃƒO: Intro Novena Pentecostes/Auxiliadora. ğŸ“– LITURGIA: At 1,15-17.20-26; Jo 15,9-17. ğŸ¨ COR: Vermelho"
"âšª Santo Isidoro | â–¶ï¸ InÃ­cio: Pentecostes","2026-05-15","True","ğŸ”´ SANTO PRINCIPAL: Santo Isidoro (Lavrador). â–¶ï¸ AÃ‡ÃƒO: Dia 1 Novena Pentecostes/Auxiliadora. ğŸ“– LITURGIA: At 18,9-18; Jo 16,20-23a. ğŸ¨ COR: Branco"
"âšª SÃ£o SimÃ£o Stock | ğŸ“¢ Intro: Filipe NÃ©ri","2026-05-16","True","ğŸ”´ SANTO PRINCIPAL: SÃ£o SimÃ£o Stock. ğŸ“¢ AÃ‡ÃƒO: Intro Novena Filipe NÃ©ri. ğŸ“– LITURGIA: At 18,23-28; Jo 16,23b-28. ğŸ¨ COR: Branco"
"âšª ğŸ‰ AscensÃ£o do Senhor | â–¶ï¸ InÃ­cio: Filipe NÃ©ri","2026-05-17","True","ğŸ”´ SANTO PRINCIPAL: AscensÃ£o do Senhor. â–¶ï¸ AÃ‡ÃƒO: Dia 1 Novena Filipe NÃ©ri. ğŸ“– LITURGIA: At 1,1-11; Ef 1,17-23; Mt 28,16-20. ğŸ¨ COR: Branco"
"âšª SÃ£o JoÃ£o I","2026-05-18","True","ğŸ”´ SANTO PRINCIPAL: SÃ£o JoÃ£o I. ğŸ”„ AÃ‡ÃƒO: Novenas em curso. ğŸ“– LITURGIA: At 19,1-8; Jo 16,29-33. ğŸ¨ COR: Branco"
"âšª Santo Ivo","2026-05-19","True","ğŸ”´ SANTO PRINCIPAL: Santo Ivo. ğŸ”„ AÃ‡ÃƒO: Novenas em curso. ğŸ“– LITURGIA: At 20,17-27; Jo 17,1-11a. ğŸ¨ COR: Branco"
"âšª SÃ£o Bernardino de Siena","2026-05-20","True","ğŸ”´ SANTO PRINCIPAL: SÃ£o Bernardino de Siena. ğŸ”„ AÃ‡ÃƒO: Novenas em curso. ğŸ“– LITURGIA: At 20,28-38; Jo 17,11b-19. ğŸ¨ COR: Branco"
"âšª SÃ£o CristÃ³vÃ£o MagalhÃ£es | ğŸ Fim: Santa Rita","2026-05-21","True","ğŸ”´ SANTO PRINCIPAL: SÃ£o CristÃ³vÃ£o de MagalhÃ£es. ğŸ AÃ‡ÃƒO: Fim Novena Rita. ğŸ“¢ AÃ‡ÃƒO: Intro Novena VisitaÃ§Ã£o. ğŸ“– LITURGIA: At 22,30...; Jo 17,20-26. ğŸ¨ COR: Branco"
"ğŸŸ£ ğŸ‰ SANTA RITA DE CÃSSIA | â–¶ï¸ InÃ­cio: VisitaÃ§Ã£o","2026-05-22","True","ğŸ”´ SANTO PRINCIPAL: SANTA RITA DE CÃSSIA. â–¶ï¸ AÃ‡ÃƒO: Dia 1 Novena VisitaÃ§Ã£o. ğŸ“– LITURGIA: At 25,13b-21; Jo 21,15-19. ğŸ¨ COR: Roxo"
"âšª SÃ£o JoÃ£o Batista de Rossi | ğŸ Fim: Pentecostes","2026-05-23","True","ğŸ”´ SANTO PRINCIPAL: SÃ£o JoÃ£o Batista de Rossi. ğŸ AÃ‡ÃƒO: Fim Novena Pentecostes. ğŸ“– LITURGIA: At 28,16-20...; Jo 21,20-25. ğŸ¨ COR: Branco"
"ğŸ”´ ğŸ‰ Pentecostes / Auxiliadora","2026-05-24","True","ğŸ”´ SOLENIDADE: Pentecostes / N. Sra Auxiliadora. ğŸ“– LITURGIA: At 2,1-11; 1Cor 12,3b-7...; Jo 20.19-23. ğŸ¨ COR: Vermelho"
"âšª Maria MÃ£e da Igreja | ğŸ Fim: Filipe NÃ©ri","2026-05-25","True","ğŸ”´ SANTO PRINCIPAL: Maria, MÃ£e da Igreja. ğŸ AÃ‡ÃƒO: Fim Novena Filipe NÃ©ri. ğŸ“– LITURGIA: At 1,12-14; Jo 19,25-34. ğŸ¨ COR: Branco"
"âšª ğŸ‰ SÃ£o Filipe NÃ©ri","2026-05-26","True","ğŸ”´ SANTO PRINCIPAL: SÃ£o Filipe NÃ©ri. ğŸ“– LITURGIA: 1Pd 1,10-16; Mc 10,28-31. ğŸ¨ COR: Branco"
"ğŸŸ¢ Santo Agostinho de CantuÃ¡ria","2026-05-27","True","ğŸ”´ SANTO PRINCIPAL: Santo Agostinho de CantuÃ¡ria. ğŸ”„ AÃ‡ÃƒO: Novena VisitaÃ§Ã£o em curso. ğŸ“– LITURGIA: 1Pd 1,18-25; Mc 10,32-45. ğŸ¨ COR: Verde"
"ğŸŸ¢ SÃ£o Germano de Paris","2026-05-28","True","ğŸ”´ SANTO PRINCIPAL: SÃ£o Germano de Paris. ğŸ”„ AÃ‡ÃƒO: Novena VisitaÃ§Ã£o em curso. ğŸ“– LITURGIA: 1Pd 2,2-5.9-12; Mc 10,46-52. ğŸ¨ COR: Verde"
"ğŸŸ¢ SÃ£o Paulo VI","2026-05-29","True","ğŸ”´ SANTO PRINCIPAL: SÃ£o Paulo VI. ğŸ”„ AÃ‡ÃƒO: Novena VisitaÃ§Ã£o em curso. ğŸ“– LITURGIA: 1Pd 4,7-13; Mc 11,11-26. ğŸ¨ COR: Verde"
"ğŸŸ¢ Santa Joana d'Arc | ğŸ Fim: VisitaÃ§Ã£o","2026-05-30","True","ğŸ”´ SANTO PRINCIPAL: Santa Joana d'Arc. ğŸ AÃ‡ÃƒO: Fim Novena VisitaÃ§Ã£o. ğŸ“¢ AÃ‡ÃƒO: Intro Novena Anchieta/AntÃ´nio. ğŸ“– LITURGIA: Jd 17.20b-25; Mc 11,27-33. ğŸ¨ COR: Verde"
"âšª ğŸ‰ SantÃ­ssima Trindade | â–¶ï¸ InÃ­cio: Anchieta/AntÃ´nio","2026-05-31","True","ğŸ”´ SANTO PRINCIPAL: SantÃ­ssima Trindade (Solenidade). ğŸ‰ FESTA: VisitaÃ§Ã£o. â–¶ï¸ AÃ‡ÃƒO: Dia 1 Novena Anchieta/Trezena AntÃ´nio. ğŸ“– LITURGIA: Ex 34,4b-6.8-9; 2Cor 13,11-13; Jo 3,16-18. ğŸ¨ COR: Branco"
"ğŸ”´ SÃ£o Justino","2026-06-01","True","ğŸ”´ SANTO PRINCIPAL: SÃ£o Justino. ğŸ”„ AÃ‡ÃƒO: Novenas em curso. ğŸ“– LITURGIA: 2Pd 1,2-7; Mc 12,1-12. ğŸ¨ COR: Vermelho"
"ğŸŸ¢ Santos Marcelino e Pedro | ğŸ“¢ Intro: S. CoraÃ§Ã£o","2026-06-02","True","ğŸ”´ SANTO PRINCIPAL: Santos Marcelino e Pedro. ğŸ“¢ AÃ‡ÃƒO: Intro Novena S. CoraÃ§Ã£o. ğŸ“– LITURGIA: 2Pd 3,12-15a...; Mc 12,13-17. ğŸ¨ COR: Verde"
"ğŸ”´ Santos Carlos Lwanga | â–¶ï¸ InÃ­cio: S. CoraÃ§Ã£o","2026-06-03","True","ğŸ”´ SANTO PRINCIPAL: Santos Carlos Lwanga. â–¶ï¸ AÃ‡ÃƒO: Dia 1 Novena S. CoraÃ§Ã£o. ğŸ“¢ AÃ‡ÃƒO: Intro Novena Imaculado. ğŸ“– LITURGIA: 2Tm 1,1-3...; Mc 12,18-27. ğŸ¨ COR: Vermelho"
"âšª ğŸ‰ Corpus Christi | â–¶ï¸ InÃ­cio: Imaculado","2026-06-04","True","ğŸ”´ SOLENIDADE: Corpus Christi. â–¶ï¸ AÃ‡ÃƒO: Dia 1 Novena Imaculado. ğŸ“– LITURGIA: Dt 8,2-3...; 1Cor 10,16-17; Jo 6,51-58. ğŸ¨ COR: Branco"
"ğŸ”´ SÃ£o BonifÃ¡cio","2026-06-05","True","ğŸ”´ SANTO PRINCIPAL: SÃ£o BonifÃ¡cio. ğŸ”„ AÃ‡ÃƒO: Novenas em curso. ğŸ“– LITURGIA: 2Tm 3,10-17; Mc 12,35-37. ğŸ¨ COR: Vermelho"
"ğŸŸ¢ SÃ£o Marcelino Champagnat","2026-06-06","True","ğŸ”´ SANTO PRINCIPAL: SÃ£o Marcelino Champagnat. ğŸ”„ AÃ‡ÃƒO: Novenas em curso. ğŸ“– LITURGIA: 2Tm 4,1-8; Mc 12,38-44. ğŸ¨ COR: Verde"
"ğŸŸ¢ Santo AntÃ´nio Gianelli","2026-06-07","True","ğŸ”´ SANTO PRINCIPAL: Santo AntÃ´nio Maria Gianelli. ğŸ”„ AÃ‡ÃƒO: Novenas em curso. ğŸ“– LITURGIA: Os 6,3-6; Rm 4,18-25; Mt 9,9-13. ğŸ¨ COR: Verde"
"ğŸŸ¢ Santo EfrÃ©m | ğŸ Fim: Anchieta","2026-06-08","True","ğŸ”´ SANTO PRINCIPAL: Santo EfrÃ©m. ğŸ AÃ‡ÃƒO: Fim Novena Anchieta. ğŸ“– LITURGIA: 1Rs 17,1-6; Mt 5,1-12. ğŸ¨ COR: Verde"
"âšª ğŸ‰ SÃ£o JosÃ© de Anchieta","2026-06-09","True","ğŸ”´ SANTO PRINCIPAL: SÃ£o JosÃ© de Anchieta. ğŸ“– LITURGIA: 1Rs 17,7-16; Mt 5,13-16. ğŸ¨ COR: Branco"
"ğŸŸ¢ Anjo da Guarda de Portugal","2026-06-10","True","ğŸ”´ SANTO PRINCIPAL: Anjo da Guarda de Portugal. ğŸ”„ AÃ‡ÃƒO: Novenas em curso. ğŸ“– LITURGIA: 1Rs 18,20-39; Mt 5,17-19. ğŸ¨ COR: Verde"
"ğŸ”´ SÃ£o BarnabÃ© | ğŸ Fim: S. CoraÃ§Ã£o","2026-06-11","True","ğŸ”´ SANTO PRINCIPAL: SÃ£o BarnabÃ©. ğŸ AÃ‡ÃƒO: Fim Novena S. CoraÃ§Ã£o. ğŸ“– LITURGIA: At 11,21b-26...; Mt 10,7-13. ğŸ¨ COR: Vermelho"
"âšª ğŸ‰ Sagrado CoraÃ§Ã£o | ğŸ Fim: AntÃ´nio/Imaculado","2026-06-12","True","ğŸ”´ SOLENIDADE: Sagrado CoraÃ§Ã£o de Jesus. ğŸ AÃ‡ÃƒO: Fim Trezena AntÃ´nio / Novena Imaculado. ğŸ“– LITURGIA: Dt 7,6-11; 1Jo 4,7-16; Mt 11,25-30. ğŸ¨ COR: Branco"
"âšª ğŸ‰ SANTO ANTÃ”NIO / Imaculado CoraÃ§Ã£o","2026-06-13","True","ğŸ”´ SANTO PRINCIPAL: Santo AntÃ´nio. ğŸ‰ FESTA: Imaculado CoraÃ§Ã£o. ğŸ“¢ AÃ‡ÃƒO: Intro Novena JoÃ£o Batista. ğŸ“– LITURGIA: Is 61,9-11; Lc 2,41-51. ğŸ¨ COR: Branco"
"ğŸŸ¢ Beata NhÃ¡ Chica | â–¶ï¸ InÃ­cio: Batista","2026-06-14","True","ğŸ”´ SANTO PRINCIPAL: Beata NhÃ¡ Chica. â–¶ï¸ AÃ‡ÃƒO: Dia 1 Novena JoÃ£o Batista. ğŸ“– LITURGIA: Ex 19,2-6a; Rm 5,6-11; Mt 9,36-10,8. ğŸ¨ COR: Verde"
"ğŸŸ¢ Beata Albertina Berkenbrock","2026-06-15","True","ğŸ”´ SANTO PRINCIPAL: Beata Albertina Berkenbrock. ğŸ”„ AÃ‡ÃƒO: Novena Batista em curso. ğŸ“– LITURGIA: 1Rs 21,1-16; Mt 5,38-42. ğŸ¨ COR: Verde"
